# COMPUTED (not certified): the exact Hermite members P_J(u) = 1 + sum_k p_k u^k, u = t^2, J = 1..110,
# from floating-point solves of the Hermite system at 4600 bits; roots by Arb isolation on the midpoint polynomial.
# columns: J, p_1, p_2J, number of k with p_k <= 0 (and which), a_J = max_{1<=k<=2J} ((2k)! |p_k|)^(1/2k), roots u with Re u > 0, min |Im t|, min |arg u|
J	p_1	p_2J	nonpositive_k	a_J	RHP_roots	min_abs_Im_t	min_abs_arg_u
1	1.692837645521e-02	0.0004981149	-	0.330663	0	5.55870226	1.9597772
2	2.252541181104e-02	4.174085e-8	-	0.450049	2	6.04202963	1.2860587
3	2.320204265207e-02	1.385515e-12	5	0.543453	4	6.32756230	0.9833999
4	2.332478258922e-02	2.159109e-17	5,7	0.617918	4	6.61896130	0.8048881
5	2.334301868031e-02	6.315037e-23	7,9	0.644652	4	7.84018125	0.8474979
6	2.334487083486e-02	1.141566e-28	9,11	0.671571	6	9.08041894	0.9846107
7	2.334555363213e-02	1.359214e-34	11,13	0.697396	8	9.40922150	0.9945744
8	2.334578873479e-02	5.791250e-41	13,15	0.707077	8	9.48532390	1.0152475
9	2.334589518655e-02	1.070100e-47	17	0.707944	8	9.54390895	1.0228162
10	2.334594207946e-02	6.600747e-55	-	0.697077	6	9.57107583	1.0263566
11	2.334597660485e-02	3.291150e-62	-	0.701030	6	9.59169917	1.0290384
12	2.334599876121e-02	9.717080e-70	-	0.703955	6	9.60522641	1.0307931
13	2.334601040111e-02	1.067709e-77	-	0.706236	6	9.61242642	1.0317257
14	2.334601900455e-02	8.063608e-86	-	0.707851	6	9.61779100	1.0324197
15	2.334602554647e-02	4.322482e-94	-	0.709220	6	9.62189486	1.0329501
16	2.334603063917e-02	1.689882e-102	-	0.710481	6	9.62510457	1.0333647
17	2.334603468295e-02	4.931504e-111	-	0.711429	6	9.62766260	1.0336949
18	2.334603823033e-02	1.295573e-119	-	0.712226	6	9.62991356	1.0339853
19	2.334604053330e-02	1.660253e-128	-	0.712887	6	9.63137832	1.0341743
20	2.334604223218e-02	1.306508e-137	-	0.713392	6	9.63246062	1.0343138
21	2.334604368853e-02	8.410175e-147	-	0.713817	6	9.63338962	1.0344336
22	2.334604481402e-02	3.572782e-156	-	0.714140	6	9.63410831	1.0345262
23	2.334604580048e-02	1.276107e-165	-	0.714419	6	9.63473877	1.0346074
24	2.334604658943e-02	3.173894e-175	-	0.714640	6	9.63524337	1.0346725
25	2.334604717928e-02	4.761514e-185	-	0.714804	6	9.63562084	1.0347211
26	2.334604771208e-02	6.237103e-195	-	0.714951	6	9.63596196	1.0347650
27	2.334604817659e-02	6.626791e-205	-	0.715079	6	9.63625948	1.0348034
28	2.334604858439e-02	5.770342e-215	-	0.715190	6	9.63652077	1.0348370
29	2.334604893237e-02	3.876407e-225	-	0.715284	6	9.63674380	1.0348658
30	2.334604925263e-02	2.329388e-235	-	0.715371	6	9.63694913	1.0348922
31	2.334604951299e-02	9.744117e-246	-	0.715441	6	9.63711608	1.0349137
32	2.334604975485e-02	3.690084e-256	-	0.715506	6	9.63727121	1.0349337
33	2.334604997995e-02	1.268297e-266	-	0.715566	6	9.63741561	1.0349523
34	2.334605016779e-02	3.174635e-277	-	0.715617	6	9.63753614	1.0349678
35	2.334605031890e-02	5.357940e-288	-	0.715670	6	9.63763311	1.0349803
36	2.334605045477e-02	7.588346e-299	-	0.715717	6	9.63772031	1.0349915
37	2.334605058321e-02	9.954366e-310	-	0.715763	6	9.63780275	1.0350021
38	2.334605069945e-02	1.107418e-320	-	0.715803	6	9.63787737	1.0350117
39	2.334605080969e-02	1.146230e-331	-	0.715842	6	9.63794814	1.0350209
40	2.334605091003e-02	1.015615e-342	-	0.715877	6	9.63801257	1.0350292
41	2.334605099472e-02	6.612839e-354	-	0.715907	6	9.63806695	1.0350362
42	2.334605107258e-02	3.746469e-365	-	0.715934	6	9.63811694	1.0350426
43	2.334605114704e-02	1.996439e-376	-	0.715960	6	9.63816476	1.0350488
44	2.334605121960e-02	1.038909e-387	-	0.715985	6	9.63821136	1.0350548
45	2.334605128784e-02	4.912481e-399	-	0.716009	6	9.63825518	1.0350604
46	2.334605134885e-02	1.907235e-410	-	0.716030	6	9.63829437	1.0350654
47	2.334605140743e-02	7.003503e-422	-	0.716051	6	9.63833200	1.0350703
48	2.334605145694e-02	1.882435e-433	-	0.716068	6	9.63836380	1.0350744
49	2.334605150465e-02	4.808193e-445	-	0.716084	6	9.63839445	1.0350783
50	2.334605154797e-02	1.036123e-456	-	0.716099	6	9.63842228	1.0350819
51	2.334605158748e-02	1.896531e-468	-	0.716113	6	9.63844766	1.0350852
52	2.334605162463e-02	3.134680e-480	-	0.716126	6	9.63847153	1.0350883
53	2.334605166058e-02	4.951881e-492	-	0.716138	6	9.63849462	1.0350912
54	2.334605169446e-02	7.089859e-504	-	0.716150	6	9.63851639	1.0350940
55	2.334605172563e-02	8.757192e-516	-	0.716161	6	9.63853642	1.0350966
56	2.334605175586e-02	1.037056e-527	-	0.716171	6	9.63855584	1.0350991
57	2.334605178246e-02	9.679994e-540	-	0.716180	6	9.63857293	1.0351013
58	2.334605180831e-02	8.686784e-552	-	0.716189	6	9.63858954	1.0351034
59	2.334605183286e-02	7.155564e-564	-	0.716198	6	9.63860532	1.0351055
60	2.334605185675e-02	5.673786e-576	-	0.716206	6	9.63862067	1.0351075
61	2.334605187756e-02	3.470814e-588	-	0.716213	6	9.63863404	1.0351092
62	2.334605189583e-02	1.663392e-600	-	0.716220	6	9.63864578	1.0351107
63	2.334605191332e-02	7.406131e-613	-	0.716226	6	9.63865702	1.0351121
64	2.334605193040e-02	3.190930e-625	-	0.716232	6	9.63866799	1.0351135
65	2.334605194676e-02	1.279752e-637	-	0.716237	6	9.63867851	1.0351149
66	2.334605196215e-02	4.605162e-650	-	0.716242	6	9.63868840	1.0351162
67	2.334605197719e-02	1.606317e-662	-	0.716248	6	9.63869807	1.0351174
68	2.334605199191e-02	5.432470e-675	-	0.716253	6	9.63870752	1.0351186
69	2.334605200554e-02	1.597119e-687	-	0.716257	6	9.63871628	1.0351198
70	2.334605201853e-02	4.322082e-700	-	0.716262	6	9.63872463	1.0351208
71	2.334605203137e-02	1.156261e-712	-	0.716266	6	9.63873288	1.0351219
72	2.334605204352e-02	2.804262e-725	-	0.716270	6	9.63874069	1.0351229
73	2.334605205502e-02	6.179981e-738	-	0.716274	6	9.63874808	1.0351239
74	2.334605206630e-02	1.324878e-750	-	0.716278	6	9.63875534	1.0351248
75	2.334605207701e-02	2.588349e-763	-	0.716282	6	9.63876222	1.0351257
76	2.334605208734e-02	4.767437e-776	-	0.716286	6	9.63876886	1.0351265
77	2.334605209749e-02	8.552484e-789	-	0.716289	6	9.63877538	1.0351274
78	2.334605210713e-02	1.403787e-801	-	0.716292	6	9.63878157	1.0351282
79	2.334605211646e-02	2.177765e-814	-	0.716296	6	9.63878757	1.0351289
80	2.334605212483e-02	2.754567e-827	-	0.716298	6	9.63879295	1.0351296
81	2.334605213294e-02	3.304419e-840	-	0.716301	6	9.63879816	1.0351303
82	2.334605214092e-02	3.871008e-853	-	0.716304	6	9.63880329	1.0351310
83	2.334605214865e-02	4.305233e-866	-	0.716307	6	9.63880826	1.0351316
84	2.334605215565e-02	3.965944e-879	-	0.716309	6	9.63881276	1.0351322
85	2.334605216236e-02	3.387520e-892	-	0.716311	6	9.63881707	1.0351327
86	2.334605216880e-02	2.686611e-905	-	0.716314	6	9.63882121	1.0351333
87	2.334605217506e-02	2.032441e-918	-	0.716316	6	9.63882523	1.0351338
88	2.334605218122e-02	1.505296e-931	-	0.716318	6	9.63882919	1.0351343
89	2.334605218721e-02	1.064316e-944	-	0.716320	6	9.63883305	1.0351348
90	2.334605219297e-02	7.011154e-958	-	0.716322	6	9.63883675	1.0351353
91	2.334605219865e-02	4.524951e-971	-	0.716324	6	9.63884040	1.0351357
92	2.334605220411e-02	2.725209e-984	-	0.716326	6	9.63884391	1.0351362
93	2.334605220936e-02	1.533390e-997	-	0.716327	6	9.63884728	1.0351366
94	2.334605221442e-02	8.069775e-1011	-	0.716329	6	9.63885054	1.0351370
95	2.334605221936e-02	4.069583e-1024	-	0.716331	6	9.63885371	1.0351375
96	2.334605222411e-02	1.922958e-1037	-	0.716333	6	9.63885676	1.0351379
97	2.334605222865e-02	8.333632e-1051	-	0.716334	6	9.63885968	1.0351382
98	2.334605223307e-02	3.467713e-1064	-	0.716336	6	9.63886252	1.0351386
99	2.334605223730e-02	1.326934e-1077	-	0.716337	6	9.63886524	1.0351389
100	2.334605224130e-02	4.579173e-1091	-	0.716338	6	9.63886781	1.0351393
101	2.334605224526e-02	1.552884e-1104	-	0.716340	6	9.63887035	1.0351396
102	2.334605224900e-02	4.763546e-1118	-	0.716341	6	9.63887276	1.0351399
103	2.334605225270e-02	1.436657e-1131	-	0.716342	6	9.63887514	1.0351402
104	2.334605225628e-02	4.091290e-1145	-	0.716344	6	9.63887744	1.0351405
105	2.334605225979e-02	1.123175e-1158	-	0.716345	6	9.63887969	1.0351408
106	2.334605226318e-02	2.915361e-1172	-	0.716346	6	9.63888188	1.0351411
107	2.334605226644e-02	7.022930e-1186	-	0.716347	6	9.63888397	1.0351414
108	2.334605226963e-02	1.633309e-1199	-	0.716348	6	9.63888602	1.0351416
109	2.334605227279e-02	3.738869e-1213	-	0.716349	6	9.63888805	1.0351419
110	2.334605227588e-02	8.266741e-1227	-	0.716350	6	9.63889004	1.0351421
